{
    "uid1": {
        "uid3": 0.9274513403652538,
        "uid4": 0.8457055693380927,
        "uid5": 0.8175471701287921,
        "uid2": 0.8070583826845891
    },
    "uid2": {
        "uid4": 0.96825576037937,
        "uid1": 0.8070583826845891,
        "uid3": 0.7454388826849297,
        "uid5": 0.4773930951204107
    },
    "uid3": {
        "uid1": 0.9274513403652538,
        "uid5": 0.8286413855485637,
        "uid4": 0.775838836221002,
        "uid2": 0.7454388826849297
    },
    "uid4": {
        "uid2": 0.96825576037937,
        "uid1": 0.8457055693380927,
        "uid3": 0.775838836221002,
        "uid5": 0.5537582384179505
    },
    "uid5": {
        "uid3": 0.8286413855485637,
        "uid1": 0.8175471701287921,
        "uid4": 0.5537582384179505,
        "uid2": 0.4773930951204107
    }
}