{
    "uid1": {
        "uid3": 0.9233273229298595,
        "uid4": 0.8069249021328442,
        "uid2": 0.7763877073122704,
        "uid5": 0.7732911782331257
    },
    "uid2": {
        "uid4": 0.9725921352736994,
        "uid1": 0.7763877073122704,
        "uid3": 0.7052159360121703,
        "uid5": 0.3564713814781105
    },
    "uid3": {
        "uid1": 0.9233273229298595,
        "uid5": 0.8687476602947625,
        "uid4": 0.7398839596727027,
        "uid2": 0.7052159360121703
    },
    "uid4": {
        "uid2": 0.9725921352736994,
        "uid1": 0.8069249021328442,
        "uid3": 0.7398839596727027,
        "uid5": 0.4506041927881551
    },
    "uid5": {
        "uid3": 0.8687476602947625,
        "uid1": 0.7732911782331257,
        "uid4": 0.4506041927881551,
        "uid2": 0.3564713814781105
    }
}